{
    "inputs": {
        "cur_pos": [
            0.6704950332641602,
            0.9361338019371033,
            0.5373355746269226,
            0.6682410836219788,
            0.5017504692077637,
            0.7041857838630676,
            0.12563520669937134,
            0.6838208436965942,
            0.6917819976806641,
            0.35828351974487305,
            0.43848299980163574,
            0.5855377316474915,
            0.9869986176490784,
            0.17937499284744263,
            0.2865966558456421,
            0.3457082509994507,
            0.3335931897163391,
            0.048452794551849365,
            0.12230056524276733,
            0.28300756216049194,
            0.8170055747032166,
            0.20118653774261475,
            0.8667839169502258,
            0.5746565461158752,
            0.1885395646095276,
            0.9580842852592468,
            0.17425113916397095,
            0.9311524629592896,
            0.551950216293335,
            0.14112794399261475,
            0.7927629351615906,
            0.3453468084335327,
            0.3254111409187317,
            0.7286704182624817,
            0.43075138330459595,
            0.9620090126991272,
            0.5950886607170105,
            0.004392504692077637,
            0.33357053995132446,
            0.5884113311767578,
            0.42305052280426025,
            0.23207038640975952,
            0.34355002641677856,
            0.18088829517364502,
            0.8047676682472229,
            0.9698716998100281,
            0.036478519439697266,
            0.5711044073104858
        ],
        "cur_rots": [
            0.16207383573055267,
            0.6221624612808228,
            -0.6977094411849976,
            0.3159865736961365,
            0.47102513909339905,
            0.7087187170982361,
            -0.48104479908943176,
            0.21082943677902222,
            0.006443212274461985,
            -0.7816778421401978,
            -0.4173814356327057,
            0.4633907377719879,
            0.5019983053207397,
            -0.6502824425697327,
            -0.5634017586708069,
            -0.08780059218406677,
            0.8753010034561157,
            -0.18177102506160736,
            -0.3914635479450226,
            0.21809087693691254,
            0.7411471009254456,
            0.24278190732002258,
            -0.516944169998169,
            0.3528832495212555,
            0.7615427374839783,
            -0.5737188458442688,
            -0.21913117170333862,
            -0.2070770412683487,
            0.2990284860134125,
            -0.4868806302547455,
            0.15320032835006714,
            0.806262195110321,
            0.01580159366130829,
            0.8877227902412415,
            0.3681679964065552,
            -0.27595454454421997,
            0.5321854948997498,
            0.5563009977340698,
            0.6188697218894958,
            0.15591025352478027,
            0.2525855302810669,
            0.07052961736917496,
            0.4406437277793884,
            -0.8585215210914612,
            0.31927433609962463,
            -0.16535621881484985,
            -0.7691565752029419,
            -0.528317391872406,
            0.9777551889419556,
            -0.047871705144643784,
            0.13218559324741364,
            0.15565989911556244,
            0.42694520950317383,
            0.26205408573150635,
            0.11380615085363388,
            -0.8579590320587158,
            0.33341583609580994,
            0.9181203246116638,
            0.21208088099956512,
            -0.030178213492035866,
            0.15397827327251434,
            -0.560798168182373,
            -0.3409481942653656,
            0.7386139631271362
        ],
        "cur_vels": [
            0.3829772472381592,
            0.2674078941345215,
            0.17974108457565308,
            0.9417973160743713,
            0.9187216758728027,
            0.3335661292076111,
            0.6824309825897217,
            0.10266852378845215,
            0.3370476961135864,
            0.020371317863464355,
            0.8562305569648743,
            0.9544076919555664,
            0.3012838363647461,
            0.9901414513587952,
            0.7898126840591431,
            0.37273019552230835,
            0.9532446265220642,
            0.0538555383682251,
            0.9049721360206604,
            0.1316763162612915,
            0.17823612689971924,
            0.6893069744110107,
            0.3877630829811096,
            0.7700073719024658,
            0.8963552713394165,
            0.07500040531158447,
            0.8612404465675354,
            0.12846815586090088,
            0.23132818937301636,
            0.03583812713623047,
            0.4962872266769409,
            0.04858744144439697,
            0.002436816692352295,
            0.15309596061706543,
            0.7671374678611755,
            0.8497791886329651,
            0.9410057067871094,
            0.7206529378890991,
            0.35240310430526733,
            0.6744557023048401,
            0.08325755596160889,
            0.27081191539764404,
            0.6904162764549255,
            0.9214552640914917,
            0.9523271322250366,
            0.7912571430206299,
            0.21417182683944702,
            0.1483454704284668
        ],
        "cur_rvels": [
            0.09600955247879028,
            0.2398231029510498,
            0.6498987078666687,
            0.7839662432670593,
            0.02095240354537964,
            0.44734376668930054,
            0.4910750985145569,
            0.9458739161491394,
            0.8121501207351685,
            0.07413822412490845,
            0.7408921718597412,
            0.9955649971961975,
            0.6377008557319641,
            0.046617984771728516,
            0.7348135113716125,
            0.16311758756637573,
            0.3708503246307373,
            0.6746660470962524,
            0.79119873046875,
            0.48117220401763916,
            0.36447036266326904,
            0.8335011601448059,
            0.07440519332885742,
            0.2526289224624634,
            0.9138129949569702,
            0.8726804256439209,
            0.8887982368469238,
            0.6597644686698914,
            0.811834990978241,
            0.9083225131034851,
            0.7999024391174316,
            0.9729446172714233,
            0.7880323529243469,
            0.9348107576370239,
            0.15126633644104004,
            0.26752376556396484,
            0.7268409729003906,
            0.10166800022125244,
            0.06423395872116089,
            0.2928345799446106,
            0.2990070581436157,
            0.387407124042511,
            0.02052760124206543,
            0.7445439100265503,
            0.9569594264030457,
            0.0535045862197876,
            0.05211406946182251,
            0.8748531341552734
        ]
    },